{
  "formatVersion": 1,
  "database": {
    "version": 1,
    "identityHash": "be1678a754c74b36292867a02ae649ab",
    "entities": [
      {
        "tableName": "note_table",
        "createSql": "CREATE TABLE IF NOT EXISTS `${TABLE_NAME}` (`title` TEXT NOT NULL, `subject` TEXT NOT NULL, `description` TEXT NOT NULL, `noteId` INTEGER PRIMARY KEY AUTOINCREMENT NOT NULL)",
        "fields": [
          {
            "fieldPath": "title",
            "columnName": "title",
            "affinity": "TEXT",
            "notNull": true
          },
          {
            "fieldPath": "subject",
            "columnName": "subject",
            "affinity": "TEXT",
            "notNull": true
          },
          {
            "fieldPath": "description",
            "columnName": "description",
            "affinity": "TEXT",
            "notNull": true
          },
          {
            "fieldPath": "noteId",
            "columnName": "noteId",
            "affinity": "INTEGER",
            "notNull": true
          }
        ],
        "primaryKey": {
          "autoGenerate": true,
          "columnNames": [
            "noteId"
          ]
        }
      }
    ],
    "setupQueries": [
      "CREATE TABLE IF NOT EXISTS room_master_table (id INTEGER PRIMARY KEY,identity_hash TEXT)",
      "INSERT OR REPLACE INTO room_master_table (id,identity_hash) VALUES(42, 'be1678a754c74b36292867a02ae649ab')"
    ]
  }
}